# unit:,MW,,,,,,,,,,,,,,,,,,,,,,,,,
year,month,day,1,2,3,4,5,6,7,8,9,10,11,12,13,14,15,16,17,18,19,20,21,22,23,24
2012,1,1,375,450,455,485,500,535,725,750,775,790,825,850,900,890,880,830,815,800,765,750,670,550,475,390
2012,1,2,375,450,455,485,500,535,725,750,775,790,825,850,900,890,880,830,815,800,765,750,670,550,475,390
2012,1,3,375,450,455,485,500,535,725,750,775,790,825,850,900,890,880,830,815,800,765,750,670,550,475,390
2012,1,4,375,450,455,485,500,535,725,750,775,790,825,850,900,890,880,830,815,800,765,750,670,550,475,390
2012,1,5,375,450,455,485,500,535,725,750,775,790,825,850,900,890,880,830,815,800,765,750,670,550,475,390
2012,1,6,375,450,455,485,500,535,725,750,775,790,825,850,900,890,880,830,815,800,765,750,670,550,475,390
2012,1,7,375,450,455,485,500,535,725,750,775,790,825,850,900,890,880,830,815,800,765,750,670,550,475,390
2012,1,8,375,450,455,485,500,535,725,750,775,790,825,850,900,890,880,830,815,800,765,750,670,550,475,390
2012,1,9,375,450,455,485,500,535,725,750,775,790,825,850,900,890,880,830,815,800,765,750,670,550,475,390
2012,1,10,375,450,455,485,500,535,725,750,775,790,825,850,900,890,880,830,815,800,765,750,670,550,475,390
2012,1,11,375,450,455,485,500,535,725,750,775,790,825,850,900,890,880,830,815,800,765,750,670,550,475,390
2012,1,12,375,450,455,485,500,535,725,750,775,790,825,850,900,890,880,830,815,800,765,750,670,550,475,390
2012,1,13,375,450,455,485,500,535,725,750,775,790,825,850,900,890,880,830,815,800,765,750,670,550,475,390
2012,1,14,375,450,455,485,500,535,725,750,775,790,825,850,900,890,880,830,815,800,765,750,670,550,475,390
2012,1,15,375,450,455,485,500,535,725,750,775,790,825,850,900,890,880,830,815,800,765,750,670,550,475,390
2012,1,16,375,450,455,485,500,535,725,750,775,790,825,850,900,890,880,830,815,800,765,750,670,550,475,390
2012,1,17,375,450,455,485,500,535,725,750,775,790,825,850,900,890,880,830,815,800,765,750,670,550,475,390
2012,1,18,375,450,455,485,500,535,725,750,775,790,825,850,900,890,880,830,815,800,765,750,670,550,475,390
2012,1,19,375,450,455,485,500,535,725,750,775,790,825,850,900,890,880,830,815,800,765,750,670,550,475,390
2012,1,20,375,450,455,485,500,535,725,750,775,790,825,850,900,890,880,830,815,800,765,750,670,550,475,390
2012,1,21,375,450,455,485,500,535,725,750,775,790,825,850,900,890,880,830,815,800,765,750,670,550,475,390
2012,1,22,375,450,455,485,500,535,725,750,775,790,825,850,900,890,880,830,815,800,765,750,670,550,475,390
2012,1,23,375,450,455,485,500,535,725,750,775,790,825,850,900,890,880,830,815,800,765,750,670,550,475,390
2012,1,24,375,450,455,485,500,535,725,750,775,790,825,850,900,890,880,830,815,800,765,750,670,550,475,390
2012,1,25,375,450,455,485,500,535,725,750,775,790,825,850,900,890,880,830,815,800,765,750,670,550,475,390
2012,1,26,375,450,455,485,500,535,725,750,775,790,825,850,900,890,880,830,815,800,765,750,670,550,475,390
2012,1,27,375,450,455,485,500,535,725,750,775,790,825,850,900,890,880,830,815,800,765,750,670,550,475,390
2012,1,28,375,450,455,485,500,535,725,750,775,790,825,850,900,890,880,830,815,800,765,750,670,550,475,390
2012,1,29,375,450,455,485,500,535,725,750,775,790,825,850,900,890,880,830,815,800,765,750,670,550,475,390
2012,1,30,375,450,455,485,500,535,725,750,775,790,825,850,900,890,880,830,815,800,765,750,670,550,475,390
2012,1,31,375,450,455,485,500,535,725,750,775,790,825,850,900,890,880,830,815,800,765,750,670,550,475,390
